RA (degrees),Dec (degrees),Proper Motion (milliarcseconds/year),Redshift
142.0509318114404,75.72385895311794,0.005517912313565845,0.0012273231797728101
157.3966276911745,71.93531946981331,2.973792335183309,-0.0004751232850836613
140.1974075268222,75.43186931939336,-0.006326108009830663,0.0004376209864909164
129.59877839743325,73.28611066914196,2.2276337282440912,0.000465673150482368
129.46724131263517,79.04295486314967,2.9747912936828333,0.00031060653255157017
140.9406820932572,75.55722618065822,-0.009084772414110324,0.0009029729605121162
138.6023359330259,78.37150169295305,4.160075299054542,-0.0005123222276543806
140.38902588434988,75.47524154667003,-0.0022823465547418906,0.0003888332003350037
140.89001780873704,75.55372736150774,-0.007875465499942494,0.0009597983513940367
126.53535177934681,71.66515388950188,2.316488081466983,0.0004083747805950698
140.94254613744104,75.55760413438155,0.007749152842139531,0.0009812884077813333
139.4843888355771,75.3508957575085,0.0020714056358283137,0.00032818650837218577
140.7510300866762,75.53256666713291,-0.005244307244358934,0.000781764794898443
157.16246374688012,63.214821423029065,1.7931684331779905,0.0006589104695560979
157.72052688447036,60.517320412968616,0.7667400993307331,0.00027716317164306465
142.8423918404746,87.76267135508003,1.2874383187833418,0.00034593286851683535
140.5803319666607,75.5093427276104,-0.004446490616935747,0.0004917272269959749
145.32033968204402,60.08366127857267,2.5772544269410136,0.000656552966651779
137.72177965892166,81.75724165593736,3.3066508690652863,-0.00018712883905704428
140.42418905806545,75.47312078841586,-0.0061225506746536845,0.00048073814330540365
140.62645610765372,75.51493909130366,-0.009554755296492395,0.0007608623327732822
140.6720834152303,75.51976348091527,0.003065243606660533,0.0005658504255716679
144.48082091621504,59.221382947692426,3.3155652019646538,0.0004059994231409915
129.2654979100027,69.84129018936991,2.206734625671353,-0.00034213912944804054
140.65638509554884,75.51814131912893,0.004645999906117431,0.0005824735696724481
123.7900731351649,65.63545326727139,1.0339977516270846,0.00029462936087268127
140.1786850245348,75.46253404563372,-0.00612877146143218,0.00045469996607905294
124.81333686122508,87.9065987653338,3.2256833026780023,-0.0005628971876605696
149.52298735884003,86.80946267575966,2.0950133817561603,0.0006036697984921083
150.07494145296786,88.06509325123386,1.8798605795398344,0.00013311671896158207
156.71174216210176,82.39274805911441,4.8637928599778775,-0.0003207504958153787
141.51774695035053,75.65309099994695,0.007931600853407583,0.0010968025933126846
148.72255747295964,80.96335514137965,0.5987086286770569,-0.0006676341279736199
132.36852516951706,63.616918279783,2.955842562670861,0.0001518362544044629
152.49066791140092,87.26681654895815,4.477875251532311,0.0005007627093009502
133.70407642180123,78.95532362243056,2.0595081284390004,-0.0004909577690359853
128.31853129367343,72.46877113034739,1.947056565575363,-0.00027994164769410876
137.72902616850206,81.91154532042592,1.2476413173705418,4.161392747629772e-05
140.77171280656856,75.53534779052626,-0.002836957298435825,0.0008541416061040863
140.06647068739133,75.43441825264736,-0.005394670584477746,0.0004240466588041336
149.31480980793367,71.50229827403965,4.254987846612327,0.00020016701984294728
140.74011813102612,75.53147325863684,-0.008785491511720592,0.0008073155121126607
133.10093987303804,86.1608766510791,1.6791089806119495,0.00036832506328289473
135.64966960438906,84.4546427210595,1.8768162662937076,0.0006582158097700324
140.23791324702148,75.48306514682866,-0.00874791625232062,0.0006473606847359203
140.77195959842766,75.5355794369184,-0.00423104645035311,0.0008510658697464812
141.97055798446144,75.69279734687447,0.0022253784253579486,0.0013137760836072765
130.98904624718062,82.84523894745777,2.1487736491247484,0.0004099593272505988
142.50833198979095,89.88267891304092,3.0367697105021936,-9.24110013797619e-05
124.17668313593447,86.68658591510217,1.7757237911193715,-0.0006792610306340368
156.6941379354766,64.17721624907225,0.56161384369572,0.0002707742260168763
147.43423000360082,58.76470497328803,0.16591699693950235,0.0004916688791602603
140.54655732367576,75.49979573658455,0.00010392628857854265,0.00040738712502053076
130.29633514821586,90.90158264706514,4.97373049723864,0.0003491064102726819
154.59433057382108,81.98546909030524,3.0845447903962238,0.00029053258970453903
128.86834486065845,62.7327856060804,1.2474425025262303,0.0003705006785777086
142.278392704121,75.75105828365619,-0.002664846068787338,0.0013109992541502358
140.34119804422065,75.47581641104281,0.006514866165467401,0.0005044638341875629
148.4489159449664,71.3513388808236,1.979544878788934,0.0004608440858453979
148.70272263055688,79.3065211268301,1.5458358321919616,-0.0004601475478215475
140.77660495576265,75.53623039965076,-0.0014136495340253713,0.0009134722775245852
148.88829431840597,77.64618379982078,1.8166699501153911,-0.0001296072684562349
125.65033656664417,66.2794047192961,4.098551910587558,1.227739556050589e-05
141.6181938018485,75.66343705542945,0.0076586803012525665,0.001103488558996668
137.66715692398844,81.14736559778757,1.2365111763579821,0.0006415565132913069
140.78996406213668,75.53836790336952,0.0024578167388331754,0.0009435697755906247
148.16038353039934,59.522165177275056,0.36814854688318965,5.639910784689987e-05
140.74938952595207,75.53233997483748,0.0009046438032125153,0.0007082169745058486
142.92679035085843,90.25252337996584,0.3991293094086559,0.0005166759341143822
142.6088066776471,60.97584775467397,2.4633005469349825,-0.00033058270145550013
156.95691155064526,77.27171754261387,1.7064067247891306,0.0005284654419408023
140.72822742908875,75.5294666779797,0.003537762978510332,0.0006887952429615041
140.8896694739668,75.55195902443917,-0.008339259992098282,0.00093754013724201
140.24084395361533,75.47076008968506,-0.008306311771027716,0.0006539681248032281
132.78621400499208,80.36569531992185,2.778017773051081,-3.063521605257979e-05
136.27098334057627,64.16391166542783,0.6418386965226414,0.0006817706480938989
140.48420942128436,75.49306770129301,-0.007894656150460902,0.0005945770735045208
142.63892596163234,69.92669218271952,0.5193433898103497,-0.0005034384907280924
140.68699088533387,75.52357767948136,0.008915666824884299,0.000778344980834289
141.38597392422864,75.61186145304228,-0.0065000617427336226,0.001168150937460144
139.529853745991,75.35437457002993,0.0005466715806621848,0.000321345108389659
140.1485978511446,75.45592420717202,0.004549780983199621,0.00038827902245275325
135.2632568381664,87.87199544211524,4.333485076144497,-0.0005593411166755165
138.29997512513074,83.77022491230613,2.1183961352454563,0.00033008686269336764
142.88298167681143,83.34575759841476,4.66703432874615,-9.955181815275813e-05
139.99740198504102,75.41312923773667,-0.0009905099150037617,0.0003262785228730358
140.9794853914967,75.56164887567213,-0.009046227446131068,0.000919910780501354
127.25205756029833,72.95157290705463,0.3761769524136589,0.0003262046716263216
142.46087106233665,75.73069434529125,-0.0021151354223045357,0.0012947518338721764
141.48407696634595,75.62360775005716,-0.0082789497984915,0.0010727517757926908
141.29023923177164,75.62016222612569,-0.0060207901578947075,0.001185964164442721
141.48414903909054,75.64791852520301,0.007228523805483265,0.0011047759297142523
136.26355539197323,72.50097227216898,4.0331519353113965,-0.0004965983897605354
140.88361555235036,75.55270616639332,0.008041647045673778,0.000930498970651783
126.53009831039584,68.64001463631067,0.3211470025871948,0.0006045353783435704
140.78455286956262,75.5374780216612,-0.006828862734663762,0.0008542004641338696
148.42320869917143,78.01382464873994,3.073615441659886,0.00044226671147423854
141.49389690481797,75.64528260464013,-0.008457158949024735,0.001058100332588463
140.77674406982345,75.5360639401112,0.008719522875593546,0.0008275031584574766
141.01027609538906,75.5647531523878,-0.00764262766364952,0.000990012135775098
137.75079470870034,85.61145713645453,2.2315068534693747,-0.00048533474108671893
141.09411602821106,75.57647512136776,0.0003077058280760734,0.001264006529686279
141.02115792532535,75.57226492625466,0.008595497702775512,0.000967301543048249
140.07520205467068,75.45494704711867,-0.006046832556147683,0.0004594153356591857
134.38737036277718,80.17193427903656,4.375509424925439,0.00035532293411144166
128.30942367326082,82.68980362543586,2.5841845956690923,5.458415793115176e-05
150.05212627116893,71.16949970285818,0.25922338542580015,-0.0005273479899180559
141.15369559604085,75.58949480895225,-0.004120448722940523,0.0012228720975511198
140.2866717423351,75.4605027187126,0.0019494903837199596,0.00035394560745438675
132.92782983333316,87.20832233497417,2.70989747289816,3.644613458413093e-05
140.48609069785422,75.49532852883253,0.0012989585226375994,0.00040229926827639595
146.41255137717044,72.21581406964756,0.44027297814118116,0.00046404932507740826
141.3080491504471,75.6131976074993,-0.006775594007338169,0.0011521337689477384
155.2777945123695,67.45516373976409,0.9466149002573002,-0.0001989892444868252
149.59188065395318,91.5612899347903,1.8655954130359818,0.00011782916384177084
140.71895761032116,75.52909245137616,-0.0089120589568723,0.0007954318501102176
155.16058737181547,88.56341724817185,0.6390891923559934,-0.0002671258125451767
142.23871518625796,75.74898777273432,-0.0012890226647767733,0.0013333339037746583
124.25002409608517,79.34752385372758,4.209168419911422,7.012657238816584e-05
149.05944598104892,66.39984317802205,1.2182001079709999,-7.353633213041217e-05
138.9583942169811,70.89348369085334,1.0032314914977072,0.0006189750106270923
130.44150824268652,59.41213040683569,1.9435397931531198,-0.0005529367077955543
141.45057782417697,75.62646611409187,-0.006837266268186754,0.001147152773958826
143.1256993470846,87.50712263433026,2.190814248559317,-5.5680446256569575e-05
145.29913597928598,61.070452893845925,0.8683332200057502,0.0005009409277224713
139.57044502754704,75.3632585238241,0.003250734694015432,0.0003541053647175829
138.4923256240519,77.68307551851595,3.1391178679994023,0.0005257824142807572
140.05886354110072,75.42895449468512,-0.005918366391479771,0.0004362777771158566
134.46078707062142,61.20721339738587,0.9737672268324691,0.0002639247534408479
150.96359857033937,78.09800014653756,1.3087302728069141,0.00021949336121849063
140.1483911470383,75.45873917180094,0.007813020705452721,0.0005430317780752425
146.55979567219805,87.42343973257825,1.5342981581079258,-0.0005222260248424992
141.32488618120667,75.63168133966622,-0.006184736545772875,0.0011860525307210157
141.07607636264257,75.58032287362605,0.008697379565775739,0.0009725933548354604
141.2137573721095,75.60742751842068,0.007736019341643806,0.001109023702214218
140.39583786626545,75.47823147823176,0.008114483754358177,0.0005696072487701986
155.839790324505,79.15996190907676,2.9188163101379483,-0.0005427593677792893
134.91467208324505,87.61544483943284,1.5976592301912913,-0.0002803012146053636
140.73197530371635,75.53043371616755,-0.0070832486523261925,0.0007696889548052255
147.5943178316724,67.8253968297394,4.935111908752247,0.00010201348711958455
141.54179228153674,75.656710666035,0.005427325770548297,0.0012335524265776332
139.75858529985766,75.37102598832381,-0.006846843012430947,0.0005133318898076222
154.72017806581812,64.24075861020165,1.29844411147096,-0.0006106363806237614
138.97580977009275,68.33299363724454,3.92988714022028,0.00022255539235773033
141.67577437565114,75.65848740244272,0.0007668808661846206,0.001331408982118143
139.74693427812312,75.38699639254786,-0.006774283222587428,0.0005153476365931109
151.49870898783638,59.74081656917633,0.8959122225895878,-0.0005420015573831036
141.29900359422695,75.62192899198006,0.0024146007152968654,0.0012616682284043446
142.39596437470743,75.73577499086991,-0.001662692785545715,0.0012994261589620582
125.53137069442501,80.84769020466479,4.084522378624111,-0.0005861931710544972
141.59587850793235,75.66177385817852,0.005055231691326417,0.0012447721456236849
139.22905296417073,75.34318414502411,-0.001710244892933184,0.00031120154854780147
140.91403420063224,75.55831913327252,-0.008469243097880703,0.0008913917092179258
136.3968372532027,65.1003103920888,2.2355332843808595,0.00015571991498441865
141.1320476544972,75.58949049533658,-0.00046459176218021655,0.0012479311242590274
125.27222671168934,69.17896475213763,2.221059983956023,-0.0005921910650729297
140.77176126775973,75.53566872995627,0.007592914161650541,0.000829079246373432
125.74824694496728,65.33279752140479,4.0254024960947214,0.0004923133143068344
140.03644609810146,75.41801067941095,0.0035013837112941254,0.00038084850716724183
140.30236792691915,75.45304768964343,-0.0024875229797242013,0.00033872766970288737
155.98420789016274,67.73302433357038,1.1766757546474915,-3.469501412087727e-05
146.89430303540306,85.05570960870509,0.11320373156906494,0.0003374447670505637
140.9518602329326,75.56099094500854,-0.0027361014142864622,0.001146487170697208
140.70148057222698,75.52664237547759,-0.006697241218525284,0.0007153682655129945
140.83244647346,75.54564837320754,0.004580244895078697,0.0010046489461559283
137.1549265621414,84.48190002229553,2.3554397276355408,0.0003980313982893765
150.91403417179018,83.16572845230836,2.8869030574300356,0.00012089437786239488
139.49550288635615,75.39687304294424,0.002542042110240844,0.0003254116564359588
140.80798199090964,75.54041611591953,-0.00043572155340514216,0.0010274967973971094
140.11145287209163,75.44861142391336,0.008564566402859394,0.0006040502383681812
152.52301494317396,85.18107079535527,3.494444493774305,0.0001877944432799026
145.2016876877827,72.84732464195628,0.5741305806845526,0.00046845112376557227
148.28383014309557,73.77015869476885,1.9421392305668819,0.00021101584513719314
127.10194243324281,82.87138730672369,3.5014638133893063,0.0002285489308879407
154.74345944281086,81.06499770453851,0.863415821571379,0.0004366577283037087
140.0598156090533,75.43286959797724,-0.006775155697376413,0.0004412888555203054
141.37922083386442,75.64156238594676,0.0005373440441136683,0.001305255949005435
143.67511938257888,82.70236054863372,4.888041136500582,2.3074372255984382e-05
143.97875518057043,70.98211390425914,1.263989006357353,-0.0003958549957071221
140.7535405494887,75.53291476319013,-0.008252443995503777,0.0008044184262836485
140.72622272610823,75.52791014317225,-0.004833136182669605,0.0006883040522132067
140.95870102582612,75.56361328171549,0.0036317020873881715,0.0011591387794760433
140.54313179328528,75.50848670290641,0.009116806505528452,0.0007096500666907701
153.91789879090143,77.78852591559398,2.0245078217929304,-0.00021789191202976617
141.0106512142082,75.56997177479903,0.0041704917281560755,0.0011706220589691174
149.10458267829452,83.97852191907015,2.5981899168473013,-0.0006781078466459249
144.44045556391737,84.94159068681135,0.5377359697758507,0.00011390029120632382
140.97346772103907,75.5634535898329,-0.003665656640852721,0.0011465365194922583
124.41043406724991,86.58479194241724,1.495704376970658,0.0002939970061752506
141.81140989171186,75.67787442467198,0.007275545448483183,0.0011556771122407383
139.8151524689571,75.39433548152222,0.0035900488311076213,0.00035036638640550954
124.99434409632046,83.0815376359545,4.134505453444144,0.00027221416451849367
140.9953218104197,75.56750740607437,-0.0014257501172375328,0.0012403562929461653
143.26353837411904,69.03304352550431,3.434101991087079,-0.0006232398872889847
127.24123092415105,89.9402712341593,0.23605042594352046,-0.000682599228519905
141.0960677153561,75.59039049368916,0.008095718704200542,0.0009928632745279664
148.40853377856038,72.37597290137047,1.4848500168126006,0.00027722643721790326
141.068134460621,75.5713727342868,0.006285588406321495,0.0011180752189736687
140.51350666585358,75.49884290280848,0.009004178875479529,0.0006550165308523148
141.40611019484413,75.63049305438855,0.007629809786187424,0.0010980870422254707
138.61134472193547,92.0965906124836,3.880899737138287,3.2751793132410794e-06
129.43251974528192,89.13366409298848,2.9122069970594113,-5.727080972053574e-06
141.04160211295337,75.57399862089218,-0.001832213088742869,0.0012157036650644049
144.77432317919258,72.8879122253763,3.2621228510828475,-0.00031063297710913175
152.31471613731517,66.46050933901127,0.14635480568650325,0.0005594426550737328
140.6729882765397,75.5208983774085,-0.008606891314153292,0.0007343890863233948
129.4408499647635,67.33999401768529,4.046835587190013,-0.00012258876419965134
140.21343429992416,75.43790549351304,-0.005781891541090886,0.00045236498937017977
124.93462818865316,81.06093282946357,0.9764123388142982,0.00019343713683467778
126.91351914831709,72.05539864162425,4.489476282826435,-0.0002874999842387084
131.18127138588017,86.35485895349133,0.12730129600200807,-0.00036094553316295394
123.62666717158314,79.89946189129103,2.129099853349309,0.000636658198195224
138.7375692200576,89.9267987398,3.991032902308448,-0.00021792031086855982
140.8613364115631,75.54698356137582,0.008335895149967812,0.0008926476282604678
124.48597628549106,62.46257346496036,1.2395351111696513,-0.00040769515268045624
133.81464052522497,66.11217743937576,1.289919905245698,0.0006364513024033138
154.6636345742222,61.222160942779,4.894608607496186,3.3635484235749655e-05
153.11490893464511,68.10855354674682,0.5204260129874996,0.0002089795247483269
147.2525840573036,71.11348569623587,2.5839952245908004,-0.00019062055378377216
145.17421888004225,91.29427316486631,3.5208533909420296,2.8909368808899792e-05
147.6123522570849,80.6990437521973,3.7293478143258465,0.0005613470755389986
139.39124598996335,75.36379833218554,0.005328949285626365,0.00037358875356696686
133.88528306190744,67.81918911945458,1.4890051868885834,0.0006938977849803488
145.72146626236994,70.59987240768085,3.7337359569118855,0.00039687556789006005
130.11622053358155,69.34405210921705,1.1364334740470488,-0.00046604292579588305
137.57712798241803,84.60610049047509,1.167435379707877,0.0002851612021914782
153.86041496173073,80.05162225229002,4.513453578600102,0.00014107965756792829
146.76118187135563,59.73757593641448,3.199518217404362,-0.0001481805010860014
142.4601707964216,75.71845229518046,0.0015091139693737816,0.0012948603923870206
142.09317016239484,75.74214178248336,0.0028176623257591825,0.0013095954108046648
151.2755587823917,63.95317771581588,3.155540068901673,0.00041790965670123446
123.96216649199215,89.41692009402766,4.8806837508821515,0.0004117006958260385
129.8764368386613,65.11950147942082,4.528671746546887,0.0005413976949387702
140.76254567128797,75.53417539151484,-0.007163513221704106,0.0008150163569544677
139.77618290946998,75.40825176439162,0.004269188652383759,0.00039471177683148007
130.04785775055666,85.0215555267457,2.977468481710762,0.00024611764611516356
124.8741355128431,90.92268565926011,1.041656984618434,5.860429696219883e-05
128.53769333428414,70.65951963577808,2.4037730292809463,-5.193970641737867e-05
140.49357989000364,75.50049913184961,0.0004260656208766113,0.00040501042444862634
156.82822889469668,78.77835052044558,1.534627986532982,-0.00037187091994604187
141.21355722050305,75.60116044373285,0.006668305359818296,0.0011558957028263706
151.1469580324903,69.2907834570328,0.4794283190766663,-0.00010831250572271821
131.0197118013858,72.26834609957177,1.284250756206946,-8.570002265965938e-05
140.84039996451477,75.54657004413603,-0.006789563343466725,0.0009553823663932537
154.98197496593255,87.38358436634367,2.5307259779327285,-9.10089213669793e-05
135.43184908826777,63.98943361020406,1.5634716751756346,-0.0006806959456938074
143.98409667402098,72.43231894463457,0.35326459866888793,-0.0001962631836437208
140.12251101459313,75.44492466962068,0.007632341191286354,0.0005242228496800116
140.66439636323005,75.52097479420217,-0.005935849217063397,0.0006458920649510258
140.82750103255663,75.54317087936568,0.005990688030628159,0.0009249618519846514
129.6870649184444,69.08954356655245,1.3916322099840077,0.0006678737536620229
155.52939404953574,62.52457930553774,4.339627418837213,6.724222769016372e-05
140.70476484140994,75.52521587426916,-0.006655424780662194,0.0007034665622280833
126.51152920250962,67.65150028786317,2.1502089045682125,0.0006805597567134759
140.7726807109251,75.53544063616036,0.005932597404319963,0.0008358085558874961
141.415013159726,75.63690607068467,0.005894061130212476,0.0012193601152796774
140.76180504213997,75.53408338753466,0.0026883441734043396,0.0008018718390943036
149.2259151360613,84.4667915431297,3.902881948005474,-1.794843052542938e-05
141.29699183247786,75.60324034042394,-1.0322930415737084e-05,0.001310975246322288
140.23521527097768,75.44564302852163,0.007759318270415314,0.000563355476591143
125.48588890495019,62.256309633590924,3.303128805477586,0.0005197391774175931
141.41142079665758,75.60887869305297,0.004223379461110734,0.0012633920948632582
130.23651478436733,79.60720518722438,2.9565156481006754,-0.0004753170398081871
140.91619651749468,75.5555226191224,0.006119823428774587,0.0010340186164592424
146.9358835823326,77.43550237164541,3.4645827116311927,0.0005487629335942599
132.76918756196068,67.35714219588895,2.98616671760169,-0.0006703046784723797
140.68558773842773,75.52020457236603,0.008599770503039615,0.0007566590161764974
138.6338990854702,64.08057795205087,2.469218757209885,-5.0941043416575117e-05
137.79670490648485,70.04624161491138,2.4086079462694303,-0.0002594115517482898
152.9699781170159,84.27431943062875,1.5738306723205524,-0.0003954449090798499
145.89996810504243,67.4824676622738,4.650006312745738,-9.859992684999681e-05
148.90024114565304,72.92298570623015,2.8909040993597324,-0.00011322292083979044
140.91239892952274,75.55344032587696,0.009075132116795143,0.0008602894010814044
137.06091023133246,91.42277247950581,2.3966251938456935,-4.64672882980043e-05
141.55694072854718,75.65841487961765,-0.005617104251856338,0.0012574063779724476
145.87277945479647,84.52647046637624,1.3321370354941258,0.0005617109279360458
139.9628914365578,75.41568712289408,-0.005685258106259944,0.00039575611312869796
141.164336630602,75.5901689093974,-0.004774822630902341,0.0012268322447746005
154.7773879187908,79.34506744528991,4.918658655918069,0.00047830562591684174
140.96582468151482,75.5602066979199,0.008449744839759547,0.000937014748233489
124.75582448501663,81.44835381961111,3.3750851953871623,0.0002722417696321265
154.25933641724498,79.84234693149125,2.7136311747024955,-0.0004676495466565549
141.58818988378604,75.64635772247787,-0.00746432183071353,0.0010985345683629522
139.9082029363776,75.41165897068169,0.006644838713387931,0.0005001407329530139
129.522926200069,61.67859351282849,2.40919856963113,-0.00019250751671315714
154.28279066116815,92.20235233000403,4.027722399598307,-0.0004642039122728591
139.71427773920354,75.37677014722311,-0.005208711961639006,0.00040967326064333953
140.60080950526515,75.509202698908,0.008066167422756072,0.000639583138005495
140.58101636808584,75.50210707230956,-0.006523200931250904,0.0005549415380154965
143.54065481996335,62.96533738650972,4.698344479332847,0.0005993849667127593
134.47207499879255,79.57003677922503,4.105988224688549,-0.0006788525502546344
134.14613584206046,91.2257174189435,1.633135491881077,-7.262433898111236e-05
140.82433043417296,75.54436606813005,-0.005562608912435091,0.0009470823519719396
139.8827642204686,75.38438570021523,-0.006504077376656679,0.00045238270762637534
141.41157408230896,75.61969135508616,0.006256281166411501,0.0011776187360852397
140.8116629474832,75.54094204476617,0.009014112520076096,0.0008441043219264976
139.793374347243,75.3953865164589,0.0018671966777484394,0.000313526353099558
140.44085300671034,75.48322003941132,0.007275427806324612,0.0005052250630184218
141.4110735018377,75.63533028079218,-0.008578489572938112,0.0010207768463603717
147.52246909425983,65.95573373872949,0.905770271156581,0.00016211122430897487
140.36652634535434,75.47353604257744,-0.004427937092251278,0.0004344273676792909
139.7219704361261,75.38025554846674,0.005234550669906097,0.00040619207146685987
141.81162006982325,75.69643159676257,-0.005009012380953453,0.001236550207479148
141.11279844815093,75.57776619100764,0.008441318675290306,0.0010434239605825457
126.27611319826883,83.8014102846922,2.0190711228783313,0.0005436326027526323
125.95270787305935,87.71564618291474,0.4972511045292497,1.9026639717106765e-05
133.03487494123587,60.541420912687585,0.6146152737619841,-0.0006707996268503189
140.98788869123211,75.56874723038213,-0.005184898304273281,0.0011421614230562316
140.19713514428253,75.46626966248905,-0.00734307128380505,0.0005157411839900039
124.61126703580766,81.52357441559273,3.3180344349232818,-0.0005833494025072327
131.93256401109738,81.51198360135344,2.1388235669675155,7.79397466644891e-05
144.43259700697087,61.058465830691176,1.368403078097922,2.1230413323069684e-06
125.16386140512486,81.27618441585646,1.7680605110345662,0.0006691352470607181
140.8879648885688,75.55310225605356,0.00932444691718931,0.0008579379764372952
125.92514282057657,79.080169442839,0.5961731409334033,3.9130324781128925e-06
131.52910394991255,73.47386787296041,2.8305915277401015,-0.0003083014099534862
145.94073459847579,87.01176467159725,1.0248117654871616,-0.00028562457594221585
141.26004801363933,75.60377680979632,0.007848186547213691,0.001082620507359966
124.104029739912,84.29223718859791,2.126554176654782,-0.00010748779824975641
151.69006189801297,72.4676034037167,0.7496349550474262,0.0005901414724819438
126.8759239200323,90.12535085144708,2.5900993653685096,-0.00043327105536493133
142.0766830783948,75.73233382213785,-0.0042940324171881926,0.0012759001162772066
136.15285364549905,85.7264434690283,2.6484974660416905,-0.0004182530029217009
126.71033112240129,73.36371295701136,1.2143540722638875,-0.00042202779839150433
129.2247900512973,69.84352217638789,2.6069951779711484,0.0004995422439523122
143.32180470896827,81.88449764171952,4.572887948949816,-0.0001299220205537219
143.70506687864628,83.23032733303928,0.5797641441425332,0.0004738244716053678
140.607067386339,75.50711620533313,0.007457450516980859,0.0006460832177137554
137.08469221747916,59.96594735683332,2.8499620711591955,0.0003579409597122483
141.6700982862817,75.6758233003609,-0.005080795104749046,0.0012541987487195705
127.31329377834652,68.03676039962129,1.1678074094466113,-0.0002057432860667343
146.45778347923564,85.8887057605295,4.276100681418431,0.000604434218479788
146.6981754738289,89.66529611177126,1.9495552024099922,-0.00014829462806702123
140.76569507963353,75.53465722624618,-0.0054787835864204435,0.0008225736370959247
124.65571682264888,66.01347213738389,2.0941601020861724,0.00014369845081311757
140.46605321080307,75.49107435621434,-0.008522514450950673,0.0006509985563716292
143.6250689408834,65.24128613386297,1.1102190409242056,-6.652506070965953e-06
134.0896034489982,61.37362701139841,0.2021965405547337,-0.0002301368121423194
130.3733145730154,65.24129999869909,4.52527668329079,-0.0005365371835926498
140.9306891860978,75.56191742185645,-0.001356137697656254,0.0011696676285282148
134.96499043393632,79.7063926573716,0.3798525106344105,0.0005898307402264551
152.00197052191595,90.71266493370432,4.5788558050930535,-0.0006450368098553092
131.6607803407406,81.82059702170808,0.1848729407406932,0.00028763266640628
131.99538003802505,70.30460269703215,3.398168894402124,0.00027947826610020285
130.7499513709799,82.51449131699489,0.6471615744614182,-0.0006445360232209372
147.37986826431708,67.75594766852993,0.8756558536922743,7.269879037597165e-05
140.77623906841893,75.53617208727972,0.007461839601101112,0.0008370542927196301
140.7291242856034,75.52855180252047,-0.006395183559191204,0.0007439492276106741
140.44011665595744,75.48908333032432,-0.004762580985431554,0.0004528412787181413
140.33140377796394,75.48382224213283,-0.008977077242850455,0.0006661792634452546
154.96880192399885,88.42686537819378,0.2514590951116632,-0.0005234456584078874
140.60425949297925,75.5149288293608,-0.007639481558000704,0.0006687867494725719
140.75834534292048,75.53351650179424,-0.0009032576344971064,0.0007238037620589388
140.84916127517877,75.54741432581581,0.007749017715515526,0.0009068152991147382
137.89234446658122,82.74262782787218,0.2060557733447812,-0.0002829064775701715
132.5044620633625,88.8117459158278,3.1768917703029627,6.899573227867159e-05
125.72112925522423,90.12432512168554,2.5704195543322186,0.0006257022876842738
142.75323318188265,61.480424344705405,0.648647977628216,0.0003530442684067087
146.93703451335838,78.82233167358706,1.6177857571857286,-3.293692805904163e-05
131.6131431995267,90.72953493156905,4.806502290733228,-8.307094430092519e-05
140.30995518541664,75.46181583767557,-0.00433103945809922,0.0004153645279725282
139.8661782110364,75.4001465035633,-0.00582655770728835,0.0004237961907336274
140.37037246068977,75.48409872894453,0.002094210905418191,0.00037394708268490007
142.2560767403318,75.75706831329279,-0.001104082999638854,0.0013066468457985092
139.35904611916288,75.32860664689717,0.0012876816760790078,0.0003142835515945741
155.03363913073036,69.49836395654589,0.3010637533940333,0.0002045422974915526
139.60148275290607,75.37588189338118,0.005266919208340865,0.0004009432983618222
128.51403750443563,91.49933834867925,2.1167897761703616,0.00035178777426405586
142.0709836983775,75.72727099974975,0.005433997546335443,0.0012061123484228276
141.98917680460266,75.73883649484023,-0.0019002034964999413,0.0013110577010300162
133.7448949954249,59.50914253507094,1.9650499629503602,0.0006527165696298848
139.8097373685438,75.39581927881358,0.0013493542198348848,0.0003132172860500493
134.35181684884648,62.552651781647,1.1873545388231466,0.0005446397296143824
130.41439233580653,62.56564720770521,0.9007866797715961,0.0006597484617366735
141.1522500009064,75.5837326243109,-0.003028632167780779,0.0012292720066862106
157.56056521926752,73.16450672411345,1.3352357584443948,0.0005417994440462985
145.9145346989193,89.77544924965731,4.645344667324908,-1.4606335319149958e-05
143.49992384995124,67.14063960121958,3.99194397736865,-0.0005106146683092026
136.39627504177236,68.31995426323356,2.273266061355101,-0.0005046193763639792
141.57344461649382,75.6468781968282,0.006500218720685926,0.0011654702898837854
140.0522168401975,75.42037082664426,-0.007156974937079576,0.0005353203661564443
139.5484923668697,75.36997846143086,-0.0006446888267638305,0.00030074439911298434
132.34740844099252,72.7429859146195,3.2838318222441747,-0.0006086578126884713
140.7810188246765,75.53711995167787,-0.0016784760721227606,0.0009333362342081042
130.9190590076133,86.09795167376832,4.268739645362766,0.0002736671829098446
141.69084785860178,75.66942911112861,-0.004750938098372991,0.0012490453877294083
136.93056219528762,66.60048574065405,0.4250279171609388,0.00022764909802944298
142.36616641651634,75.76363765876435,-0.0021435856980918815,0.0013131534905792552
147.9774569889886,63.91943857509398,4.385114293374082,-0.00018614009859496
141.38469159215495,75.6186515889137,-0.0076567613229359234,0.0010576164472673177
141.431958954275,75.6376929109906,-0.007329886520492832,0.0011278149603821674
152.69787148252846,91.6396357166308,2.514635787102125,0.0006608975494664337
141.95445915126317,75.7419608776486,-0.0033857836193941677,0.0013052472812811189
140.83800844230373,75.5448595573075,0.0008656584308644607,0.0010923021763822316
134.00731310995002,90.9285822346041,1.4931079424385578,0.00023917674069149925
130.4814076772603,65.07680746915157,4.864954568609923,0.0004193712471160302
139.82274268756123,75.39441365338573,-0.00664984932000708,0.00046707303982040926
141.26883162522913,75.62167349368411,-0.005701269034281532,0.0012104848142857616
154.11482410576176,78.25709501421478,2.2988627827586,0.0003920446311263063
140.54442965153504,75.50240197173004,0.0067761151475138615,0.0005385369459633971
146.99557027306585,65.35422509493331,2.937864098326589,0.00038600217737400175
140.5574859003021,75.50045476782978,0.008918758829070414,0.0006737835371319889
131.84826098257193,91.50799527422089,2.915197297571317,-0.0005343762585860572
140.8920288003183,75.5552099631728,0.00855807193669513,0.0009140047655591399
140.44475594331618,75.48499642018642,-0.0007549009060790727,0.00040299953234779196
157.72229386716015,63.29186983982947,4.41086473326903,-0.0005637351533278626
123.71611554391319,66.05789791240926,4.194505118375295,-0.000497832170352412
151.93787542128737,91.85887786632425,3.5272716373031936,0.0006489995095091647
144.7350556875878,61.770512303249504,1.3629845408278944,-0.00044235843730145005
139.27476055056704,75.33804655920252,-0.0027519376412775045,0.0003281442034734905
140.62830897079536,75.5152325913496,0.007493138116449665,0.0006618915783243029
143.62006667355212,90.97604199979713,1.6633587713823625,0.00037729279886955654
131.38004585789682,63.85761479296763,4.369709882476259,-0.0002893703602295255
145.9824240605185,88.35762850628278,4.41000723438332,0.0006551624100235464
141.75294110197385,75.68439896402266,0.0011663847143033852,0.0013249287792318487
140.72348111121286,75.52896297140099,0.009352925671286327,0.0007984729541907765
131.47942398326026,58.97094045268394,1.4609937711414844,-0.00011841298112992614
139.87323003355874,75.40194922802053,-0.0021406413566521336,0.00032449074140794565
152.457858371049,84.40403426115661,4.553842094017218,0.000557078050360092
154.967107607951,72.13673662240177,4.51143869486593,0.00037835150377198634
156.93061681916106,82.0043858777818,4.8119552063858775,-8.523623216203757e-05
125.847910549375,83.62139242638288,3.868211436093298,8.27326262256916e-05
155.98199280379492,81.18200297662125,3.474372623858507,-5.718320784487069e-05
131.04180522827872,81.18438006331525,1.5087374875597537,-0.0003611506591907113
154.5609110224049,90.57449026696078,2.9557024638816705,0.0003756610585700519
141.95475970904954,75.70927232288348,0.004410704836453265,0.0012613863615686949
155.42727964139695,87.02737014429563,1.0720646726846959,0.00023239096283038396
147.12808746082803,90.5343017276703,2.5384625592759535,0.000518422148487174
142.17973761060986,75.72018149108237,-0.0029884314267855103,0.0013106220519891743
141.00771196432967,75.57152222654118,0.005232447840973227,0.0011406986312114675
140.300041459036,75.47984072967675,-0.00694055757528197,0.0004943633745748688
141.50177852646286,75.622818275671,-0.00278477402828434,0.0012816999301596965
140.5471531980441,75.49812692587578,1.690328134884473e-05,0.0004179637666210656
140.7181917830721,75.52784588469588,-0.008893330566674369,0.0007897073851927949
152.48725748862725,90.18267942439724,1.8332624982635939,-0.00030544291648859276
131.46243306522746,69.33414047226488,0.2398817211455459,0.00026246465866162786
140.77741024303967,75.53621005279184,0.0016581187111436974,0.0009198145825446424
141.37009852501032,75.60724590037744,-0.0028685344642626186,0.0012952017940466298
141.92272220239613,75.68065902320312,0.006715317590747164,0.0011450044870457976
125.08872254264837,60.945354438313544,1.5685603060521316,0.0006024266626522657
141.15528931243546,75.59233601560659,0.0026158911148669093,0.001268444718418582
140.99621200435539,75.56879439513126,0.009062848361071803,0.0009040305732583853
145.2964027660684,87.75784994032833,0.6605405073176721,0.0005466502915251066
140.10713840275804,75.4464434197042,-0.005201914636979164,0.00038095477518140797
157.3796365999509,70.90610056475668,1.8889073968881425,-0.0002515114144597908
141.24486036457566,75.60635441440212,0.005718655548712187,0.0012154514622504387
151.37117771149272,65.06422234551273,1.7416613338677969,-0.0002515997634907636
139.42238283001547,75.34718028021972,-0.005702233835135535,0.0004165319160813752
143.15679643753754,72.0855052339647,1.0388203434139214,-9.564168352546132e-05
140.54410218007868,75.50255780765963,-0.003466364713196623,0.000471252716828241
140.5242752550693,75.4994021558938,-0.00048794751419765876,0.00041059484928407386
149.10102884409523,67.803078390712,2.1988666498426648,-0.0005555448272239313
132.22223847660834,88.13865034276044,4.462715298802582,-0.00040973917708250865
140.65655210803675,75.51541832733069,-0.006211462372025544,0.0006468356562543409
143.06475669552972,88.68786596440576,0.808670091099113,-0.000546152587718158
130.27494228254616,69.17746467745943,2.014415607995043,-0.0003628692342283345
130.03340449304363,64.5421799402312,2.905459754267531,0.00030865869719167176
151.29351230740576,71.8831065974738,1.9715805179472254,-0.0006475640367802541
123.83950473061941,84.79418570644869,2.383561850007337,0.0006725722788808915
140.7659156956172,75.5346884513801,-0.005317848464204646,0.0008236627797146845
141.43321818839078,75.62414372316631,-0.0028100047847253993,0.0012786840521521459
128.30299775024125,67.32481860805123,0.9791833220478965,0.0005405911075043664
147.28205286379614,79.23441038641951,3.7170574974686725,0.0004908238185009549
140.0948552738963,75.45170979862688,-0.00662193912710167,0.0004672748837784013
139.7377251029586,75.35893050055064,0.005352210010997624,0.0004024864422780272
139.65403421615835,75.38710638077826,0.005622025335817566,0.00041739969223808515
135.77629079394444,92.36424210065972,1.7164206137813698,0.0003464606035696087
139.36418314035618,75.36304917689658,0.001996513562619256,0.0003246764247715195
143.61830753708867,90.72110273672217,2.9404331658901053,-0.00031878446124185365
140.52481463746142,75.49176631872602,0.0068922330913521795,0.0005344359131773668
131.69664471008295,71.47045655713164,4.387263950907656,-0.000698584069849214
141.14884870848684,75.59285272558378,0.006122881514951659,0.0011761379893000523
126.94385196424037,80.44638141388432,3.3221847833644897,-0.0005366271454286067
128.04664487133013,70.67713676047569,1.7952310255697355,-0.0001825604620454349
132.49101037329197,70.1055822338497,2.6661890818577216,-1.1798675883173035e-05
140.41372625261178,75.47356968587331,-0.004270361310701604,0.0004105334592852117
139.7377209548665,75.3892385329103,0.006795850434133484,0.00046106388270228393
140.77921168950698,75.53682433119131,-0.009116395253049126,0.0008284799974314083
124.8864148222024,70.85377707417817,0.24033513848070906,0.0005007732199705882
140.7740829214553,75.53582645723813,0.009316673080531239,0.0008202702682371665
141.68777887089357,75.65486960609883,-0.005954284771850755,0.001199581693780205
141.4604976493919,75.64354499333325,-0.007723871484857984,0.0011000221690473655
141.92818401485886,75.73504007940625,0.005398257705099178,0.0012516376524407402
131.15871461061508,65.91204921234116,0.9289578602915259,-0.00043024020344229716
141.22407311414403,75.59511603887887,0.008898681666258563,0.000954458005217651
140.37055055047117,75.47154353844736,-0.007953617332771798,0.0005788745689281338
154.25358285755007,68.17045316953632,1.6009891468907285,0.00024994380870608525
140.0435087619408,75.42920287569852,0.008062425893864142,0.0005625966011275629
139.60353591723654,75.38399617730477,0.0027049105295098787,0.0002852031432256652
140.2309865922066,75.47049336608308,0.007217907297540842,0.0005060021825573635
139.29002410759813,75.30296561214882,-0.0010643912569364236,0.0003044409206227616
141.67180860958095,75.6672294055279,0.000760394232989002,0.0013327950428017044
140.1105865167158,75.4519468715304,-0.008341380522312532,0.000604310317108947
151.18978630974092,61.37033941974019,1.9601315421518977,-0.0006219493743041349
155.8190520997472,85.18073578974642,1.4922110237268904,4.730466303813554e-05
147.23907263214625,90.04222168518308,4.024284167071482,0.0005359729755507614
157.752965739519,86.08067088557257,4.938779189872005,-4.877919936183497e-05
150.4800957114996,86.76797415911162,3.5420652950958607,-0.00037976851104743945
155.6442732428172,60.27476940445243,0.10835888379486852,-8.429982126269145e-05
154.69176747540678,79.4803355029803,2.730220546499997,0.00039208191779743914
155.85292616483397,91.4595517320064,3.8547555672966163,0.0006903840719669285
154.24767634537673,68.61284434927587,3.3373002643819385,0.0004696831092111561
137.16136347624507,60.639777130925154,4.228454491168888,0.0004950437869649752
140.8373741930469,75.54389065635515,0.006091286268342359,0.0009557146499374891
151.59050635431873,72.47851862811092,2.259407157138534,0.0004824992938213343
152.12004288148972,70.99949251052865,1.7187277434099009,0.0005092944365723294
124.95711236692358,59.57426224988693,4.1622861820463095,0.00024492547479514613
135.564536799863,71.13420701929496,3.324295145977574,0.00024155723857213914
133.9276175437732,86.83863874702621,2.1602607346709997,0.00035377496092829934
140.5472132070164,75.50387064561683,0.009018064933653968,0.0006661406119088387
142.04328209909553,75.72357110548083,-5.406601079742152e-05,0.0013505555683819281
140.51085915484904,75.49699474860356,-0.00866265303190332,0.0006725141748149532
139.88370002978832,75.41678186160371,-0.00464604409210672,0.00037769658364061875
134.34461016850514,66.63936194371101,3.2733701466333764,-0.000426266443576111
138.6477536553591,85.52294932644702,1.5453824155631821,0.00034529562246999213
152.08587562838616,85.71891502773698,1.1652757861737266,0.00025146806230779816
148.66750108253768,68.61879890833785,2.1320582180640115,-0.0006050583940431794
139.9372068430824,75.43724780722401,0.004227793433049788,0.00037535071399541486
140.93513637820683,75.56533004630482,0.006453755588301752,0.001017420250790435
142.1232137175933,75.71177592121306,-0.0023110427457997238,0.00130648130895894
141.33776744317376,75.62764299428143,-0.004351791939881386,0.00123440142625042
140.14309255851498,75.41827242255516,-0.0014905412978898315,0.00031593533812435126
154.2207575864455,72.3312045633967,3.534764425407426,-0.00026273464657446024
142.018636086727,75.72713236124754,-0.002865956755236988,0.001306934476007271
140.85598709330017,75.54836732051845,0.008787287542317071,0.0008800132518025361
140.83936635215017,75.5459819306602,0.0014818418935180432,0.001059478422788196
143.36698605017773,78.84745727392652,4.088302744979595,0.0006183404228713695
130.7516373575053,78.1404946034592,4.221953457081173,8.428155116967876e-05
141.514246686978,75.65369563357255,0.005889889740615986,0.001211009937598817
140.82952521159393,75.54262533055363,-0.0084438685058324,0.0008749558815681624
141.89030181644458,75.66458372770963,-0.006078665153132268,0.0011791120168711533
140.31557440578695,75.46295042071408,0.005639990633167562,0.00043485996606507094
143.56512028790928,84.32552608883833,0.9504139887072702,0.0006354374188357669
140.98855614053818,75.57426393855116,0.00903151214088513,0.000964288382579781
141.88532274723147,75.67745470157267,0.005729875327459125,0.001208899934533214
154.76089471069946,90.11886469449543,3.531771144862158,-0.00023358304524562538
140.83163565348016,75.54275964815538,0.0008514318820651854,0.0010643637768392722
139.1708327920783,75.27357567451094,0.0011304571492086854,0.0003315969630810489
141.12780975851234,75.59398791144145,-0.004165605743092544,0.0012124477384496402
140.4455922397393,75.49439559876888,0.0032317925808173333,0.00043417671917489464
142.0950771012366,75.74674556115374,-0.004324778329091587,0.0012524277675052264
136.87301771927835,72.50519920911157,4.551046048756842,3.901798884465917e-05
152.5220596579516,69.52699271072271,0.6633411033029413,-0.0006117402694530589
124.78838558997084,82.83355117781115,1.7938285314175488,0.00017726446084737242
139.78750061125703,75.36687019622765,0.004165255052632031,0.0003608216008328391
140.97221252723753,75.56601830037938,0.008257910321750503,0.0009729654108612262
136.990005965385,82.27396960730786,0.9027964678990089,0.000337215467274038
132.88256684198424,72.07472175350442,1.4445515973274088,-5.088186225802682e-05
136.7728852458698,79.95293950617685,3.7284361946378537,0.0005342879105639896
155.60737310806644,71.46884467247112,0.14601167758114977,3.0457992785185017e-05
144.36342206600392,72.2021881163407,4.886012651348792,5.4920714463702904e-05
146.38296476102244,69.38076607374941,2.5413880971260974,0.00018282399871077655
140.36578212891663,75.48144326570046,-0.008603343151199918,0.0006946731363095537
149.4056903695154,79.26167866711633,4.76848005095292,-0.00031326529295351915
151.59429622567185,87.16692151535527,2.6571087600194017,3.0679091521722854e-05
124.05276766482191,87.36156446172978,3.984331167041595,-0.0003273380846259128
142.84184439919179,66.00013540807988,1.5243130162442717,-0.0004064169666791034
140.54658727486637,75.49887004165143,-0.00904617614387095,0.0006847507394074359
134.68459279632498,82.77652806040628,1.076666628923866,0.000568341563327166
153.8548809704806,78.8366923835149,4.550172080224829,-0.0005608729764165586
137.90078011536525,60.66636511827177,4.379845827843932,0.0005065400249977063
151.90581471174326,65.97453246917988,2.2221837443940484,0.0006362859360569255
155.91824149653274,85.60926452383232,1.142682716366472,0.0001959119044113146
142.01007290234847,75.66501757799851,-0.0010766729732244592,0.001325503606942613
141.40985399815943,75.65278119653867,0.006201890068713828,0.0012029120250052205
140.1365253801403,75.44542822170604,0.0036072167080563886,0.0003550363385040889
141.6314984873803,75.64741280606677,0.007786868335891382,0.0010924889396317639
136.31178777620366,80.36816090776175,0.2825014656600295,-0.0006299695467347965
149.61658092578853,63.713866878866554,3.5260153229959403,0.00035343954513228565
139.72372323661904,75.39536851474593,-0.006819769235128656,0.0004709265903537485
141.1130579207933,75.58939817891499,0.008388218587304944,0.0010144366788185089
130.64396185959123,82.36712906980463,3.887917222644048,-0.00020087190881972405
154.00355849347605,64.78571735783171,2.646540627187325,-0.0006832567980204376
130.83325162075036,88.90831145928401,1.3907872430627441,0.0005221401414583206
148.24527188529257,67.27059582941389,2.2328893512526036,6.088148771158709e-05
153.02479872850347,83.35361164226374,1.02890131053353,-0.0004079465719603682
128.14130202533084,71.66077718365743,2.722912108192376,-0.0002605435744544136
131.58969886961904,62.245448053168104,1.6640021810676413,-0.00036606438116249375
140.50402622214216,75.49695681069664,0.00750113832875625,0.0005723773769585883
147.05103971833728,87.12689174418816,1.476511500569175,-0.00045721016164724593
155.99104884940533,85.06426754104275,3.823600074355573,-9.647892974668643e-05
140.8997714074305,75.55057589745931,0.00836122912456531,0.0009226174153196265
154.56627571651615,77.4894077343053,4.810719054483028,0.0002258253523933848
140.23800749210196,75.44477290377131,-0.007966490362421676,0.0005172186447217619
142.16081655995654,75.6812182851588,0.00539492761032067,0.001211719045218329
155.15939238067742,59.802235353070834,0.36418511348168925,-0.00042502811933262634
140.50443830507928,75.48871215643497,0.005282350315941409,0.00047787234320795235
133.10304307013143,72.41600677708226,4.61968335585252,-0.00022441105237668235
144.36264340160776,92.38223935430334,2.679841318387923,0.00029937311515092766
126.48404310338739,79.87953634722207,4.782651906340584,0.0006881402830639351
138.23840460617382,78.89172882701288,4.907423004584152,0.0004959259153153541
141.42815968102593,75.63446773931764,-0.007860257053675518,0.0011090401869837674
141.05411997026837,75.5740050292896,-0.009010339485792383,0.0009575425858692199
138.29159759494507,79.98447492001124,3.693771790547598,0.00010188742002099828
140.7563278046775,75.53314777913707,0.0015027661200289518,0.0007579776880928257
140.73912451635576,75.53122549146542,0.001539713791582544,0.00066503750202207
140.73987916496543,75.53069776877724,0.0058193152877208925,0.0007523621250500323
140.73987214474965,75.53086161673724,-0.003681657452972099,0.0007258690015146119
140.45975914012968,75.49230413893827,-0.007009087752576223,0.0005369361143892082
141.00750862990276,75.56777267875057,-0.008459089237211769,0.001029401860188628
144.86031361370502,62.59120077826629,3.321603793447476,0.0005412643805768218
140.58786990192027,75.5122275472837,-0.003394530510918874,0.0004834490361127486
141.09126088002418,75.5809635232548,0.005936134091361394,0.0011250133563085463
152.65435111257398,66.00301767867175,0.11440430949856674,-0.0004100406781500703
133.29458843470837,82.52833739541403,3.7286020834984095,0.0002472489344535545
144.809032789909,85.60826001260065,2.2167953191111764,0.0006477572029045551
140.40666810000536,75.48652913047745,-0.0008559341223291135,0.00034702050756063585
146.40685756064508,62.39273034730458,4.857306155195621,-0.0003742563551685233
140.6090427459749,75.50821536662659,-0.008872111475133353,0.0007195681481606542
148.00896661202964,88.35690458904416,0.4760032403964003,-6.062412582249761e-06
141.34857002049736,75.62864352223134,0.008376841583550017,0.001014701742091395
130.38075082618474,58.409119321129296,3.08134355728368,8.238283663753202e-05
142.09748414446125,75.74394386313409,0.0031295267463454443,0.0012948891979149835
139.07161688168526,75.29292990459376,-0.00015869969346901482,0.00030992014882458285
140.27425196292828,75.45053151242323,-0.005284260279829162,0.0004395063545898914
134.5784973677344,87.398053110497,4.730952728425758,-0.0004104204360085849
140.960333927193,75.56423716007117,0.007964563537003675,0.000980904032326535
124.32869359487962,78.7037210708318,3.3346683080463064,-0.0005892820013445632
141.64989367660576,75.65220588329952,0.0021349662214227893,0.0013157867365323206
140.72467814175096,75.52895259762136,-0.00961038333105226,0.0008005572977600739
131.42090065066142,62.58536539588185,3.4303086032453036,0.0005224885473089068
146.87258603060633,61.50353900061177,1.410090129783623,0.0005287006010417924
146.62301359023473,77.36519970454991,3.4427466164771743,0.00037368667630055606
146.87583476962587,59.180972287726505,0.13903378439752082,-0.00014512792512866887
149.53915468637013,83.07891892946968,0.8474333018331357,-0.0006895428368631435
140.87213092481608,75.55124727099867,-0.009278825992312417,0.0008584785124050587
126.95371821950229,64.00962060585101,2.3198730027408927,-0.00017310473708572415
131.87791208106918,87.19016847780976,1.9594288353905196,-0.0006194759029319169
140.07403318153658,75.42483064035495,0.004899001085858658,0.00036849078272815916
139.68017916273516,75.36055128655973,-0.004593491934548962,0.0003960812675476433
124.71019761438626,82.66760065688658,4.029896898460585,-9.280550378186242e-05
140.52335050879555,75.50343577002401,0.0007373211943235451,0.00041765422990081014
140.705578673392,75.52568664735969,-0.0007247451647719511,0.0005926017275708073
151.18719057936406,90.589609431888,1.832019009234283,-0.0004280907643523549
145.53614655149562,84.44970046362661,4.194680273271977,0.0002439965114085286
126.72647802849328,60.926305405440544,1.4117623490072375,0.00011528348274588275
132.53221447271588,69.5382113193434,2.787616016624633,0.00043809706140926963
140.27106413227517,75.45927381076278,-0.007992850454947175,0.0005420889329434964
141.178248728867,75.5963351585759,0.0073463402895142535,0.0010445582318758806
137.6956710961756,71.43420767572609,0.5152154504804287,-6.796441453883078e-05
141.10259511143786,75.57997482614911,0.00018681090319444887,0.0012389273131638845
127.3997179172494,60.71704733433767,2.8240591483308277,-0.0002646733443014166
157.55385358062566,59.936594622579726,3.1338972543902,-4.3830464264241545e-05
129.3385317795121,78.0325003015905,0.17577939125557357,0.00015295525129548515
141.37742273011938,75.62176375851145,0.0061765920624634344,0.0012152117926238493
152.18609997448883,79.0822989027397,0.7264100952382802,-0.0005122815715541477
140.7331606944215,75.53056313861214,0.006355220566388471,0.0007584051011526594
144.95628845520642,88.93815597806878,0.46705949826262394,-0.0001620486156994577
145.34272298257767,87.2415174900919,1.2049700986029601,0.00047233916863715167
126.05192714934455,86.65942164664118,2.6095896752600054,0.0005875584409768252
155.37044516988664,83.20617015049066,1.2471184307407885,0.0003616644590811736
140.4679268835218,75.49830461308481,0.009069037820578045,0.0006788344997985529
128.42491427176066,92.51279244214932,2.48656589989345,0.0006317953136074096
136.98573844694073,87.85443418795845,3.572496838810038,0.00023197408703471312
154.2811756409668,83.97277028917539,3.5976879655588725,0.000658791371818102
124.32842815079417,72.65069476528103,4.761078942090434,0.00045397030507525005
140.16628148993158,75.45782316457297,0.004034255283237653,0.0003936658040109009
137.01934872848602,82.0595198938411,1.6266015420690572,0.0006215728808940589
126.95131452364441,85.35289359112872,2.2068311106898366,-0.00031624438118347956
140.1620871158688,75.42637208335589,0.008067056090348204,0.0006292011378525864
154.73767641031884,63.12975960134913,3.0866877937742063,-0.0006759518497890635
144.87658139888333,85.2274508552222,1.836979596282268,-3.3074035002177496e-05
155.58033213578688,60.413425370940466,0.78391589238747,0.0005925002779625144
151.74953401081743,88.89696924255145,0.1942236976048366,0.0005551960167041215
140.57257455597977,75.50548823933002,0.004183996888911086,0.0004843130176561683
140.7801177211299,75.53646907881371,-0.0027160657906835335,0.0009201599688568596
150.88098391331457,79.41240251085924,1.3753674081777378,-0.0001992465009063673
151.21520448879252,68.6045164634125,3.2855803565395387,0.0006566216804867897
145.51980478248123,58.354199122431375,3.450170067196327,0.0003926312758088323
138.08150211395275,79.37087404816602,4.463240587601862,-0.00036645346219579177
143.47695185319637,92.17415801044099,3.6403519081667945,1.6040479059530803e-05
142.4631723953808,75.76452963359922,-0.001137215226550439,0.0013108760985576229
128.30200182517746,60.01632819751765,3.6405579763967064,-0.00035863808457868286
152.76881538857236,82.99705554294388,1.9113900494889895,0.0005642277826230147
150.79042786405552,78.71080105377017,3.579905309266744,0.0005939618165488868
156.00171766234288,79.64575099526027,2.7649897331826967,-0.00011707138511164608
145.04320766039154,60.440127534836186,1.793943474161952,8.367554158141075e-05
151.0143842238188,92.58013483003843,0.584995501036931,0.0005093535647489558
141.681043786931,75.6839014107202,-0.006553757689261955,0.0011947600600883401
141.02644950713383,75.57745108291904,0.0033795191052324062,0.001203865773923507
151.47070420065194,73.45057733673163,1.8028840348165018,-0.0002313169786173662
135.24874831174128,62.57091143477835,2.4339275698318694,-0.0005172881449051194
129.1220552344479,82.12195072456176,0.49378193915892354,-0.0005368040804336685
127.99917030405922,71.89603031262001,4.487771792020037,-8.837941682192027e-05
136.46695068763913,60.8462432378913,0.7441705111680579,-0.0005490668044688129
126.5300858273659,66.05403238208562,1.510409392735021,0.00023220241255834104
124.8274319370596,68.68857149411251,0.4875967898201059,-0.0005932734123813388
141.21335720602983,75.60973246471616,-0.0033581938784473502,0.0012417654571295067
141.39155080412388,75.62212229024945,0.002198456544937379,0.0013203628360562991
140.98242871637433,75.5707230700861,0.000584077600795804,0.0012068149862189959
156.44386053188757,68.44156936883086,4.327448664040073,0.00015833251845383072
145.21445928305295,70.73973342468159,3.483568126679072,0.00021286438079738538
128.52196374126035,62.3966686459048,1.4952194416626707,-0.0002731605295869363
155.54261937317497,83.33984027022447,4.742309896671919,-0.00022518966808802418
155.81081204749103,91.91368222900512,3.739705418495613,-6.912645112760985e-05
125.48255517292168,90.01479967204776,3.908155346260999,-0.0004052644154999932
148.44916998634514,59.992339126033464,4.886260079366046,0.00031842410730461635
130.62020895431058,82.36858800723546,1.5808104996129486,1.243163633813727e-05
148.62263492983925,72.04385972537452,2.027925774896206,0.0004576729938937939
129.4489441280769,83.67784316951675,4.793615184682679,0.0006051173330042515
141.21389348102704,75.598396291364,-0.004624181567206482,0.0012153424861345297
154.76491915167009,88.87010572909585,1.4395800005782324,0.0004834241484420618
140.49073799546846,75.49582898680788,0.0037838355648851063,0.0004442900566095087
141.06642746802163,75.57844828247883,0.005913439201774621,0.001129271898650197
140.6360903261409,75.51347928639647,0.00713689527793911,0.0006206147538718731
142.49525133500688,78.96621574896297,4.320279885671969,0.00013228419346192485
129.94733556576128,91.94652684382169,4.936322878295466,-0.0003377607768178844
155.5404179510462,79.96432866372868,1.5343800592007641,0.0005116288871516382
140.93948809579732,75.56109575583119,0.0019578286958092635,0.001178191413492291
125.91524323543668,62.16232564844374,4.152686443032074,0.00018643563619682524
153.35394695742164,89.14329428104745,0.5323462885834606,-8.893402281648366e-05
140.2577707194062,75.46945875180329,-0.0037050922457333856,0.00038671486295238644
141.07441493892904,75.57668173404463,0.006625606844188872,0.0011154525161969353
142.04088529012273,75.71991712704471,-0.002111291736130415,0.0013145045385687393
140.84606177570845,75.54692573022476,-0.0014238908493805203,0.0010562578843915649
140.78425769320472,75.53722595604222,-0.0012454577714888927,0.0009426924044348972
140.05160161187322,75.43179477046358,0.0035807044941612055,0.00037327260116470917
141.03074476570822,75.57349878875704,-2.3079975995597513e-05,0.0012405598601479273
139.86334505666187,75.36478622017124,0.005744567824131618,0.0004281872124827224
141.3418499100001,75.63175273521442,0.0041971087138284804,0.001227722369849138
134.39922555528207,59.26135961412246,2.226656561600691,0.00023004391104760528
142.79064936097666,90.86422193632782,0.8103374798451711,-0.0001002573972093819
140.5035905521371,75.49763970257207,0.002890483557089219,0.00046687504054476747
131.3086696917726,81.44641897785709,1.738449765788782,7.300141644488243e-05
140.11721846547226,75.43920359828493,0.007806043014782802,0.0005512867037542613
143.21186077456932,78.10098020742541,0.5351952859898024,0.00016544083795976211
143.74472710125602,79.62048125627578,2.4321448133953454,-0.00026432633743560523
141.16363221601713,75.5980474268918,-0.007590120580903906,0.0010721620898590523
140.47486823862334,75.493835233714,-0.00701802051084396,0.0005356551429114287
124.87510331920323,62.82118890340808,3.2149792724727715,-0.000377890054657039
146.6286053456449,79.59440762810004,0.4082473091208906,-0.00046620527932127935
153.0304574324974,67.50061443357487,4.383748647908646,0.0002610423979378211
155.10660965838645,64.26045312532334,3.047818624959135,-0.00031320497157285193
141.33611697044608,75.61480665381765,0.002014276942789079,0.001310900216645372
127.15763210264281,70.8323514980016,0.5719768475547959,3.127394111201629e-05
155.7318131204707,84.3308735341345,4.046322939561918,0.00032444729618419106
157.02017608463765,60.41606389737049,0.7705867741908883,-0.0002069648801400557
141.14739095491106,75.5894113381338,0.003769147489965226,0.0012393794974658867
141.64249213396786,75.66181974096912,-0.0031096708516338105,0.001295328206924129
126.4688845045052,65.12204760871094,4.769266764344875,0.0004466072703254617
157.75115137255955,60.28256861344111,1.6551986563917052,0.00016577054737232345
130.10359343944003,69.56510448918745,3.1575837118365953,-0.0006816516322529473
139.31286471456107,75.3110896292753,0.003048481740401056,0.00033213570183177055
146.75252613766645,60.49069688506529,0.748985736346391,-0.0005429930282062467
141.6133739137966,75.67108554259725,-0.00021372381214764406,0.0013324508256409295
157.6925901973469,78.06671039350547,2.4914980602240773,0.00045881624241117145
141.90149980281737,75.72679627663656,0.003560377610901866,0.0012796822829164167
139.41555728589756,75.33383264219829,-0.0016221272904358118,0.00031480744618672674
142.0605497302679,75.73420687266253,0.0055915745323904245,0.0012239031958711788
154.25525891132835,91.67941725144527,4.147352578439305,-0.0002979328419007348
124.84807238481275,83.78941822591969,0.9897697136598939,0.00022278127292685746
152.73013328465834,71.26162289531625,2.336586148305013,-0.00016020167272296566
148.38273419792006,84.82016583158683,1.4695322322246873,0.0005297329415570672
126.55305534872723,66.02839165356406,3.2923576149714187,0.0003369953181102187
125.58250663784273,69.00008843481947,3.3878243388225635,-2.5236646904459566e-06
142.0940554981657,75.71915230185168,-2.0334730287535125e-05,0.0013303777178577114
144.63749560882832,85.56375664195748,2.4989521183625247,-0.00046535552311981464
153.04773761965288,62.104454621667095,0.22171728096475368,3.963654052667898e-05
144.99378945413935,91.74171044197638,3.261080215139391,3.6651484549648085e-05
141.3734451456207,75.63030577584318,-0.008149189710572815,0.0010554192385994199
148.42732987432694,67.13541768624506,0.34254429610014236,-0.00019617739606058717
141.4305831225374,75.64995566127897,-0.005580649745831422,0.001223096841597826
155.19775773033902,92.65733379188042,1.5895376882635155,-0.00048576622051621135
124.90878537630866,86.74991493344385,3.108006880745821,0.0002556001052482792
152.58077816536783,91.56592456889554,1.5821169391846746,0.0006889921628699596
152.72551463568837,73.74812656865839,0.449426996846397,0.00043949975637636496
155.79254276738735,79.64567891140139,3.5283215318776606,0.00030372048788097504
125.02258807112612,68.9568847716066,1.4227696190445716,0.0003677216475478827
153.08655572420162,80.17292796979622,4.4844157469354355,0.00021822807768806008
140.70530025845846,75.52633610273905,-0.00872379743214356,0.0007619846677271447
140.70284125176929,75.52596968983983,0.00920485124260853,0.0007961310568069813
141.32115077052117,75.59662448042621,0.008165068143536328,0.001066330453695974
143.71666217505063,86.50738347940711,0.7064187552368406,-0.00019872613340244272
140.32651912345028,75.46547037876327,-0.006557105322270864,0.00048141781182864385
139.70481967988744,75.39483873952243,-0.002119957575833847,0.00033145934567690993
157.26922152877046,71.83026121294557,2.1737000737216143,7.761259238538815e-05
148.5632704592972,91.98928830843136,3.156717082995025,-0.00015263752054890754
155.62354547477022,92.38187816457153,0.579825583652326,0.00011472884012899982
139.0101981761732,86.4383968120085,1.960266451129635,-0.00043093369643907925
125.73374329697222,67.62664815253176,2.490706175116049,-0.0003458429575337705
139.1430370019409,75.32434183749118,0.0008706677161331999,0.0003103680527825059
140.2508232523934,75.44088448858159,-0.00831983152048673,0.0006408932626864594
140.29964471812656,75.46044995524998,-0.00890798672915706,0.0006442518021485544
129.558855331728,77.40200464836252,3.6492426633765365,0.0005607749008600965
138.30556357928418,70.2506033378539,3.1236046482586928,-9.865425327899803e-05
141.07845343177334,75.58560161947031,0.004117386617890434,0.0012056783611076316
141.99770812979682,75.72853674014408,0.00389897866583493,0.0012726563090859067
141.82359288213152,75.68396107509217,-0.00686325490306565,0.0011711329289745276
139.91815701733512,75.41954961983718,-0.0020019678508923435,0.00033600169186920326
140.7278752257189,75.52912440136312,0.004829934089770407,0.0006993338774010649
148.8699338620731,72.98513402676521,2.7929743788924597,0.000348735564842568
132.11154549097486,64.4468265163765,3.4324201112013935,0.0004405369872821644
141.1499321122424,75.59686119875327,0.007231925282305159,0.0010869098801611354
124.27169142068776,86.42860808114845,0.3257612389669953,0.0003583549765678772
138.5005147840928,64.41118982859696,4.9765447617527965,0.0002541629385891279
134.73310197643616,88.29925803131016,2.7168761076832206,-0.00048187034130592744
157.70659748920443,81.9579260197937,0.15515866414153753,-0.00017487615127971328
141.45109097001287,75.6230475055577,-0.00808055205742264,0.0010615574981038822
140.69739247594848,75.52429558044318,-0.0006680652611691356,0.0005977656743605397
135.62265723955858,65.57727374152556,3.897750553476576,-0.00022504276654259416
141.59383820327807,75.64908236030503,-0.0067505129246223875,0.0011528137332861288
148.47572469076164,85.40801197720701,1.2027959255837946,7.385490404970504e-05
140.14594965666492,75.4468704589278,0.004986353794668923,0.00036099408903100816
140.9859907624795,75.56945944634656,-0.007067092327018588,0.0010630810879990182
133.80507933304872,82.84445176953078,1.6198504128409887,-0.00031972945805445026
146.85430257465438,84.59337156253139,1.8290360370755485,0.000650503373261123
149.2017971604848,63.966042184649915,3.698890614573143,0.0006931430561692937
143.7184118255789,85.94992407065219,1.3311060934882928,-0.00019767706507359294
141.03627274672735,75.57090496621191,0.0005427310651200131,0.0012206691748040122
141.4823617156677,75.63108068686401,0.0013424320506620169,0.0013186929101576261
128.99948097299892,90.56759310924231,4.553666308444936,0.0001632588317117959
140.80409545950226,75.53997975306632,0.00902816355536765,0.0008429616914022997
140.62538083233997,75.51956885173011,-0.00639081349819507,0.0006073314438905797
140.70872008063515,75.52571210575512,0.004297241191211318,0.0006541942537032774
140.69748442023698,75.52263060918756,-0.004212716000933404,0.0006124066580932563
146.85479936120436,72.63104864577392,3.9036402887188104,-0.00037240949675904013
128.74152708342712,60.562740631054595,0.2661311470052956,-0.000387098122223596
143.8557309547998,70.58903602109814,0.8499731163433478,-0.0003327694273320727
127.84399523394369,91.44520645488132,2.902177058095103,0.000656602569507686
137.23867411956567,88.0097393486711,4.97447741690154,-0.0003324891909328728
138.26519370247593,65.20950737112133,3.125726246351868,-0.0005667879181773212
139.21277426486452,75.3080221563634,0.0004806296318468402,0.00031243344911624504
140.71945721503693,75.52765149176,0.008622884019409078,0.0007718280102448905
139.90711291078924,75.42021048135986,0.006758308683459777,0.0004793233259745566
139.73003679383262,75.42870159610088,-0.0016649198582052971,0.00032018959933122204
126.06196164439474,86.22661889517106,0.3090511328947976,-0.0006158858086473095
145.39462774321208,91.2683065792441,0.9924162816752294,-0.00038275974685704077
129.52354057072483,84.21542947695251,1.2626730492743155,0.00045113177717262586
156.5269856900343,88.7400943460742,3.4525313673737226,-0.00043002492127134934
139.5350086350167,75.36610892212043,-0.002241640953021145,0.0002884655997623664
137.8896040433241,88.65307333873524,0.8544412564328627,-0.00038009203629024723
140.0313082514319,75.4347969920963,0.005913940809634929,0.0004090909865321901
141.35295432710524,75.61946734926467,-0.00545478054326077,0.0012087169218875093
136.55372902478555,73.08100518059987,2.875929357936639,-2.7974831116305172e-05
154.50280589014295,90.11262406824095,3.8818324077291675,-0.00029531563767163114
140.3656434521309,75.47611901709108,0.006252027571384863,0.0004808746143962761
154.74657627608792,91.27586684013383,1.944903965596749,-0.0004177295545848463
140.4488938942686,75.49206455595144,0.008405005041036723,0.0006252066164409431
141.22825147202806,75.60643350396141,0.00833889720557685,0.001050927342989505
156.983273368148,71.06289926229663,2.12262066540712,0.0006674973673872836
125.03605542229656,84.84643073864561,2.536461010121217,0.00010507982111400481
147.358131032216,85.67927076760033,3.5321866427825204,-0.0005044399817130392
132.58042180476687,84.56449152428814,3.635343613818599,0.0001525421509028167
148.4967673602356,63.170041426596384,1.8177385410028954,-0.00026016083479468764
136.6154222721909,64.0955479537779,4.084246328654452,-0.000509284225007523
137.89608112095056,91.71888283522482,2.3160315056028824,0.0005692964556540536
134.63193866872646,59.573996535952126,2.428467007651816,-0.0005127940812766878
139.72520697584756,75.36221042997931,0.0027965224376643467,0.0003144019303946699
145.4438593948966,79.41538884670807,0.4706426160397522,-0.00028170617953578376
140.3864635459473,75.49193592012077,0.008860850944075419,0.0006566894919024513
150.3146659425918,81.23316738422373,4.854274089176535,0.00014359613943444897
144.72844097045254,63.42311033920775,1.6196113861835981,-0.00011969757728394622
140.83401835288046,75.54288131859242,-0.008908956775730333,0.0008494620690620014
156.89265132511827,91.85339021791567,2.7462699315961263,-0.00031682644262846457
126.69235705350208,83.00693986904254,3.7489696949150657,0.00032572517060200726
138.72220882258767,66.9077442033653,4.820225925700178,0.0006376162900656482
157.59744998295122,84.12151751657477,2.8336458628906676,-0.00013416037313725474
148.7576648207065,86.08157689834223,2.5966480570944888,0.0005204372273065633
157.93480161641972,85.89587181201024,1.1222071459042384,0.0006002967247005349
141.58436884397844,75.66112583985934,0.006575277045195032,0.0011892419456049907
140.75443020186782,75.53295457354952,-0.00018301481327660712,0.0006979707150578385
139.96368022792387,75.41548943561791,-0.006792056607102571,0.00047595064934902176
144.87787258804303,87.99913626949945,3.935816687167459,-0.0005963711433565344
126.18239861513169,89.3129943847106,0.2850877919432359,0.0004851447105593429
137.04707282412477,69.55458223083514,3.1702335986721604,-0.0001245627271651349
152.4059703088547,84.62750308947517,4.568929938280999,0.0005330325279557304
124.60014135777813,81.78653544952203,3.5270662963075203,-0.0002948997908124802
148.70266002858006,69.31168519280197,2.10455806447883,-0.0003762172146492418
141.49265520779468,75.64019327006909,0.006992104309203031,0.0011622015654877416
141.37168505268912,75.61707037946081,0.0038033593761457756,0.0012517650020411608
140.78920370162993,75.53867828806729,0.007605464304120366,0.0008617868488640656
142.2143473463094,75.71133123511432,0.00170801912730105,0.0013069285565912026
128.88539697543635,81.1208977624555,3.9140362681822536,-0.0006886370477552967
124.10213549296219,91.55274498472124,1.268688568562245,0.00040440882442781343
139.60522463602368,75.35149354259802,-0.0059363942683830755,0.0004095977083538038
155.67633929667363,78.31651594777836,2.9105110407377626,0.0006095099934209242
157.21929073027235,66.23089899934847,2.7380509694117454,0.0003773017264952144
130.6632215321939,58.855740077929184,1.0000035797545175,-0.00039067955134899153
140.86097179814075,75.54852827493852,0.008600076873140544,0.000897939108803536
123.93248838441863,68.5245197666963,1.7160095153517725,0.00039491489741625633
125.50492120083662,84.36721831235617,4.491476960822961,-0.0004993260359119572
124.89759865857609,87.0337167624198,4.837844726775025,0.000191569532199218
136.33064603034433,63.379021427448365,2.5882292816371595,0.00032675518317426316
139.39737093304396,75.33082068212002,-0.0022336402164013225,0.00032098208544373286
140.79439284129475,75.53847327941207,-0.0017033054122000248,0.0009944182980721195
139.8314140654774,75.3998698356014,0.006513914126073257,0.00044233313114006023
141.19967390263932,75.5993651863438,-0.0025168437016707033,0.0012717718590145033
141.23416093012983,75.58892569194661,-0.00861322470825154,0.0009778119394918683
156.53223680211218,58.54813837914672,2.8721712962427595,-0.00013302658731309807
139.27651500259364,75.31406543785243,0.0036783999183333444,0.0003598580969985665
145.43219615736308,90.63531822919131,1.575895349242483,0.0004248732452794007
141.39403460650925,75.62693072534921,0.008337256811003509,0.0010084156706613445
139.42430411751135,75.35179086721637,0.003869084148634352,0.00037784275489993746
149.88237657318493,92.55425324893682,3.516030733837242,0.00035518993062766
148.44489911516672,64.4668227195325,4.037549067458839,0.00012952962446861178
142.47123412962586,75.76190805753669,-0.0014898475895253741,0.0013258919040608497
140.9914395693839,75.56715176359704,-0.0009017725296303921,0.0012049601738812754
146.7051208239058,61.190119854553494,4.286766613165953,-0.0002794300786355962
140.8089779896222,75.54108382780801,0.007849190518460836,0.000877860369986827
141.60718536234714,75.65866336075717,-0.007037566171764406,0.001183867606559641
